prt1,prt2,momid,partner,infid,sample,dadid,natalto,doc_next_infant,doc_infant,resumecycl,realdad,nextdad,group,dyad,DSI,rDSI,score_cyclf,PHG,dyad_index,prt1_index,prt2_index
bf,ez,bf,ez,ye,7,oe,PHG,9/6/2014,6/6/2013,4/29/2014,0,0,PHG,bfez,0,0,0.222443112,1,2,1,5
pz,bf,bf,pz,ye,7,oe,PHG,9/6/2014,6/6/2013,4/29/2014,0,0,PHG,bfpz,1.435841195,2.87168239,0.797672722,1,7,16,1
bt,bf,bf,bt,ye,7,oe,PHG,9/6/2014,6/6/2013,4/29/2014,0,0,PHG,bfbt,0,0,0.842757719,1,1,2,1
ph,bf,bf,ph,ye,7,oe,PHG,9/6/2014,6/6/2013,4/29/2014,0,0,PHG,bfph,0.235855159,0.471710318,0,1,6,15,1
jy,bf,bf,jy,ye,7,oe,PHG,9/6/2014,6/6/2013,4/29/2014,0,0,PHG,bfjy,0,0,0.586658921,1,3,9,1
oz,bf,bf,oz,ye,7,oe,PHG,9/6/2014,6/6/2013,4/29/2014,0,1,PHG,bfoz,9.554057851,5.050016835,0.696688183,1,5,14,1
oe,bf,bf,oe,ye,7,oe,PHG,9/6/2014,6/6/2013,4/29/2014,1,0,PHG,bfoe,6.171765862,9.537737082,1,1,4,11,1
jy,bf,bf,jy,yg,8,oz,PHG,2/19/2016,9/6/2014,9/21/2015,0,0,PHG,bfjy,11.74724835,7.433173402,1,1,3,9,1
pz,bf,bf,pz,yg,8,oz,PHG,2/19/2016,9/6/2014,9/21/2015,0,0,PHG,bfpz,0,0,0.660646125,1,7,16,1
bt,bf,bf,bt,yg,8,oz,PHG,2/19/2016,9/6/2014,9/21/2015,0,0,PHG,bfbt,0,0,0.743912827,1,1,2,1
sn,bf,bf,sn,yg,8,oz,PHG,2/19/2016,9/6/2014,9/21/2015,0,0,PHG,bfsn,0,0,0.509261568,1,8,21,1
ph,bf,bf,ph,yg,8,oz,PHG,2/19/2016,9/6/2014,9/21/2015,0,0,PHG,bfph,0,0,0.28911577,1,6,15,1
oe,bf,bf,oe,yg,8,oz,PHG,2/19/2016,9/6/2014,9/21/2015,0,0,PHG,bfoe,1.580622337,3.161244674,0.900009342,1,4,11,1
oz,bf,bf,oz,yg,8,oz,PHG,2/19/2016,9/6/2014,9/21/2015,1,0,PHG,bfoz,0,0,0.734427224,1,5,14,1
by,s1,by,s1,qe,13,tp,ENK,3/29/2014,4/8/2013,2/5/2014,0,0,ENK,bys1,1.441418079,2.882836158,0.457700176,0,10,3,20
jj,by,by,jj,qe,13,tp,ENK,3/29/2014,4/8/2013,2/5/2014,0,1,ENK,byjj,0.203299071,0.406598142,0,0,9,8,3
sn,by,by,sn,qe,13,tp,ENK,3/29/2014,4/8/2013,2/5/2014,0,0,ENK,bysn,0.0721566,0.144313201,1,0,11,21,3
tp,by,by,tp,qe,13,tp,ENK,3/29/2014,4/8/2013,2/5/2014,1,0,ENK,bytp,0.017180175,0.03436035,0.748675466,0,12,22,3
tp,by,by,tp,qf,7,jj,ENK,4/27/2015,3/29/2014,2/27/2015,0,0,ENK,bytp,0.168244847,0.336489695,0.588890246,0,12,22,3
yn,by,by,yn,qf,7,jj,ENK,4/27/2015,3/29/2014,2/27/2015,0,0,ENK,byyn,0,0,1,0,13,36,3
yr,by,by,yr,qf,7,jj,ENK,4/27/2015,3/29/2014,2/27/2015,0,0,ENK,byyr,0,0,0.684626936,0,14,37,3
s1,by,by,s1,qf,7,jj,ENK,4/27/2015,3/29/2014,2/27/2015,0,1,ENK,bys1,1.185424277,2.370848555,0.44661149,0,10,20,3
yy,by,by,yy,qf,7,jj,ENK,4/27/2015,3/29/2014,2/27/2015,0,0,ENK,byyy,0,0,0,0,15,38,3
jj,by,by,jj,qf,7,jj,ENK,4/27/2015,3/29/2014,2/27/2015,1,0,ENK,byjj,4.608896715,9.21779343,0.449210416,0,9,8,3
yr,by,by,yr,ql,2,s1,ENK,4/30/2016,4/27/2015,3/22/2016,0,0,ENK,byyr,0,0,0.533711877,0,14,37,3
yn,by,by,yn,ql,2,s1,ENK,4/30/2016,4/27/2015,3/22/2016,0,0,ENK,byyn,0,0,1,0,13,36,3
jj,by,by,jj,ql,2,s1,ENK,4/30/2016,4/27/2015,3/22/2016,0,0,ENK,byjj,0,0,0.160382127,0,9,8,3
yy,by,by,yy,ql,2,s1,ENK,4/30/2016,4/27/2015,3/22/2016,0,0,ENK,byyy,0,0,0.16768302,0,15,38,3
tp,by,by,tp,ql,2,s1,ENK,4/30/2016,4/27/2015,3/22/2016,0,0,ENK,bytp,2.288107908,4.576215816,0.134006137,0,12,22,3
s1,by,by,s1,ql,2,s1,ENK,4/30/2016,4/27/2015,3/22/2016,1,0,ENK,bys1,2.288107908,4.576215816,0.001455636,0,10,20,3
pz,dz,dz,pz,xt,93,oe,PHG,12/31/2016,8/31/2013,3/10/2015,0,0,PHG,dzpz,0.302268634,0.604537268,0.78719142,1,20,16,4
dz,ph,dz,ph,xt,93,oe,PHG,12/31/2016,8/31/2013,3/10/2015,0,0,PHG,dzph,0.234130927,0.468261855,0.551135409,1,19,4,15
dz,bt,dz,bt,xt,93,oe,PHG,12/31/2016,8/31/2013,3/10/2015,0,0,PHG,dzbt,0.141166762,0.282333524,0.783814272,1,16,4,2
dz,oz,dz,oz,xt,93,oe,PHG,12/31/2016,8/31/2013,3/10/2015,0,0,PHG,dzoz,0.003312878,0.006625755,0.817547221,1,18,4,14
dz,jy,dz,jy,xt,93,oe,PHG,12/31/2016,8/31/2013,3/10/2015,0,0,PHG,dzjy,0.491237694,0.137720699,0.900170848,1,17,4,9
fd,bt,fd,bt,gb,19,oe,PHG,5/23/2014,2/1/2013,11/22/2013,0,0,PHG,fdbt,0,0,0.780827107,1,21,6,2
ez,fd,fd,ez,gb,19,oe,PHG,5/23/2014,2/1/2013,11/22/2013,0,0,PHG,fdez,1.987109142,2.940506796,0.114170625,1,22,5,6
yr,fd,fd,yr,gb,19,oe,PHG,5/23/2014,2/1/2013,11/22/2013,0,0,PHG,fdyr,0,0,0.435682511,1,33,37,6
pz,fd,fd,pz,gb,19,oe,PHG,5/23/2014,2/1/2013,11/22/2013,0,0,PHG,fdpz,3.791357466,1.930086243,0.803065791,1,27,16,6
jy,fd,fd,jy,gb,19,oe,PHG,5/23/2014,2/1/2013,11/22/2013,0,0,PHG,fdjy,0.516855745,0,0.507887786,1,23,9,6
ph,fd,fd,ph,gb,19,oe,PHG,5/23/2014,2/1/2013,11/22/2013,0,0,PHG,fdph,0.004935561,0.009871121,0,1,26,15,6
ph,fd,fd,ph,gj,9,oe,PHG,7/21/2015,5/23/2014,4/29/2015,0,0,PHG,fdph,0,0,0.233016466,1,26,15,6
bt,fd,fd,bt,gj,9,oe,PHG,7/21/2015,5/23/2014,4/29/2015,0,0,PHG,fdbt,0,0,0.72328762,1,21,2,6
oz,fd,fd,oz,gj,9,oe,PHG,7/21/2015,5/23/2014,4/29/2015,0,1,PHG,fdoz,2.607122204,5.214244408,0.960925007,1,25,14,6
xc,fd,fd,xc,gj,9,oe,PHG,7/21/2015,5/23/2014,4/29/2015,0,0,PHG,fdxc,0,0,0,1,31,34,6
sn,fd,fd,sn,gj,9,oe,PHG,7/21/2015,5/23/2014,4/29/2015,0,0,PHG,fdsn,0,0,0.745270261,1,28,21,6
jy,fd,fd,jy,gj,9,oe,PHG,7/21/2015,5/23/2014,4/29/2015,0,0,PHG,fdjy,0,0,0.973323902,1,23,9,6
pz,fd,fd,pz,gj,9,oe,PHG,7/21/2015,5/23/2014,4/29/2015,0,0,PHG,fdpz,1.43651207,2.873024139,0.878021205,1,27,16,6
oe,fd,fd,oe,gj,9,oe,PHG,7/21/2015,5/23/2014,4/29/2015,1,0,ENK,fdoe,3.159142495,1.953718275,0.861834717,0,24,11,6
ph,fd,fd,ph,gx,4,oz,PHG,12/31/2016,7/21/2015,7/19/2016,0,0,PHG,fdph,0,0,1,1,26,15,6
pz,fd,fd,pz,gx,4,oz,PHG,12/31/2016,7/21/2015,7/19/2016,0,0,PHG,fdpz,0,0,0.812869374,1,27,16,6
xh,fd,fd,xh,gx,4,oz,PHG,12/31/2016,7/21/2015,7/19/2016,0,0,PHG,fdxh,0,0,0.066365537,1,32,35,6
ub,fd,fd,ub,gx,4,oz,PHG,12/31/2016,7/21/2015,7/19/2016,0,0,PHG,fdub,0,0,0,1,29,26,6
bt,fd,fd,bt,gx,4,oz,PHG,12/31/2016,7/21/2015,7/19/2016,0,0,PHG,fdbt,0,0,0.846597579,1,21,2,6
um,fd,fd,um,gx,4,oz,PHG,12/31/2016,7/21/2015,7/19/2016,0,0,PHG,fdum,0,0,0.076096931,1,30,28,6
jy,fd,fd,jy,gx,4,oz,PHG,12/31/2016,7/21/2015,7/19/2016,0,0,PHG,fdjy,0,0,0.763758475,1,23,9,6
oz,fd,fd,oz,gx,4,oz,PHG,12/31/2016,7/21/2015,7/19/2016,1,0,PHG,fdoz,2.332732838,4.665465675,0.781148798,1,25,14,6
bt,fx,fx,bt,gn,7,jy,PHG,10/24/2015,6/23/2014,8/26/2015,0,1,PHG,fxbt,0,0,0.68268618,1,34,2,7
fx,ph,fx,ph,gn,7,jy,PHG,10/24/2015,6/23/2014,8/26/2015,0,0,PHG,fxph,0,0,0.218182203,1,38,7,15
fx,xc,fx,xc,gn,7,jy,PHG,10/24/2015,6/23/2014,8/26/2015,0,0,PHG,fxxc,0,0,0.00223975,1,41,7,34
fx,sn,fx,sn,gn,7,jy,PHG,10/24/2015,6/23/2014,8/26/2015,0,0,PHG,fxsn,0.642648339,1.285296679,0.541329662,1,40,7,21
fx,pz,fx,pz,gn,7,jy,PHG,10/24/2015,6/23/2014,8/26/2015,0,0,PHG,fxpz,0,0,0.706508599,1,39,7,16
fx,oz,fx,oz,gn,7,jy,PHG,10/24/2015,6/23/2014,8/26/2015,0,0,PHG,fxoz,0.661784186,1.323568371,0.864269548,1,37,7,14
fx,oe,fx,oe,gn,7,jy,PHG,10/24/2015,6/23/2014,8/26/2015,0,0,PHG,fxoe,0.901466996,1.802933992,0.74986134,1,36,7,11
fx,jy,fx,jy,gn,7,jy,PHG,10/24/2015,6/23/2014,8/26/2015,1,0,PHG,fxjy,1.187392733,2.374785466,1,1,35,7,9
jy,oa,oa,jy,kf,19,yn,PHG,12/15/2015,9/17/2014,9/14/2015,0,0,PHG,oajy,0.71029506,1.420590119,1,1,43,9,10
oa,sn,oa,sn,kf,19,yn,PHG,12/15/2015,9/17/2014,9/14/2015,0,0,PHG,oasn,0,0,0.515900426,1,48,10,21
oa,oe,oa,oe,kf,19,yn,PHG,12/15/2015,9/17/2014,9/14/2015,0,0,PHG,oaoe,0,0,0.842440405,1,44,10,11
oa,oz,oa,oz,kf,19,yn,PHG,12/15/2015,9/17/2014,9/14/2015,0,0,PHG,oaoz,0,0,0.759265942,1,45,10,14
oa,pz,oa,pz,kf,19,yn,PHG,12/15/2015,9/17/2014,9/14/2015,0,0,PHG,oapz,0,0,0.68237794,1,47,10,16
oa,bt,oa,bt,kf,19,yn,PHG,12/15/2015,9/17/2014,9/14/2015,0,0,PHG,oabt,0,0,0.682881762,1,42,10,2
oa,ph,oa,ph,kf,19,yn,PHG,12/15/2015,9/17/2014,9/14/2015,0,0,PHG,oaph,0,0,0.261946857,1,46,10,15
s1,oo,oo,s1,ak,6,yn,ENK,12/19/2015,9/17/2014,10/6/2015,0,0,ENK,oos1,0,0,0.02686484,0,56,20,12
oo,yy,oo,yy,ak,6,yn,ENK,12/19/2015,9/17/2014,10/6/2015,0,0,ENK,ooyy,0,0,0.01922165,0,60,12,38
oo,jj,oo,jj,ak,6,yn,ENK,12/19/2015,9/17/2014,10/6/2015,0,0,ENK,oojj,0,0,0.233145328,0,51,12,8
oo,tp,oo,tp,ak,6,yn,ENK,12/19/2015,9/17/2014,10/6/2015,0,0,ENK,ootp,0,0,0.396589525,0,57,12,22
oo,yn,oo,yn,ak,6,yn,ENK,12/19/2015,9/17/2014,10/6/2015,1,0,ENK,ooyn,1.943445656,3.886891312,1,0,58,12,36
oo,yr,oo,yr,ak,6,yn,ENK,12/19/2015,9/17/2014,10/6/2015,0,0,ENK,ooyr,0,0,0.55583936,0,59,12,37
oo,oz,oo,oz,as,45,jy,PHG,9/17/2014,3/23/2013,3/6/2014,0,0,PHG,oooz,0.056930237,0.113860474,0.692054132,1,53,12,14
oo,ez,oo,ez,as,45,jy,PHG,9/17/2014,3/23/2013,3/6/2014,0,0,PHG,ooez,0.217772735,0.435545469,0.205040792,1,50,12,5
oo,bt,oo,bt,as,45,jy,PHG,9/17/2014,3/23/2013,3/6/2014,0,0,PHG,oobt,0.035795573,0.071591146,0.826490495,1,49,12,2
oo,pz,oo,pz,as,45,jy,PHG,9/17/2014,3/23/2013,3/6/2014,0,0,PHG,oopz,0.010418445,0.020836891,0.797998199,1,55,12,16
oo,ph,oo,ph,as,45,jy,PHG,9/17/2014,3/23/2013,3/6/2014,0,0,PHG,ooph,0.208843155,0.41768631,0,1,54,12,15
oo,jy,oo,jy,as,45,jy,PHG,9/17/2014,3/23/2013,3/6/2014,1,0,PHG,oojy,0,0,0.576163418,1,52,12,9
sn,oy,oy,sn,kn,51,bt,PHG,7/27/2015,7/12/2013,8/2/2014,0,0,PHG,oysn,0.40262068,0.805241361,0.698051284,1,67,21,13
oy,ph,oy,ph,kn,51,bt,PHG,7/27/2015,7/12/2013,8/2/2014,0,0,PHG,oyph,0.58928091,1.178561821,0.109732762,1,65,13,15
oy,pz,oy,pz,kn,51,bt,PHG,7/27/2015,7/12/2013,8/2/2014,0,0,PHG,oypz,0.213250187,0.426500373,0.839385124,1,66,13,16
oy,xc,oy,xc,kn,51,bt,PHG,7/27/2015,7/12/2013,8/2/2014,0,0,PHG,oyxc,0.208523188,0.417046376,0.022665155,1,68,13,34
oy,oe,oy,oe,kn,51,bt,PHG,7/27/2015,7/12/2013,8/2/2014,0,0,PHG,oyoe,0.399601734,0.799203469,0.885674494,1,63,13,11
oy,jy,oy,jy,kn,51,bt,PHG,7/27/2015,7/12/2013,8/2/2014,0,1,PHG,oyjy,3.059743489,3.909218678,0.750521712,1,62,13,9
oy,oz,oy,oz,kn,51,bt,PHG,7/27/2015,7/12/2013,8/2/2014,0,0,PHG,oyoz,0.03158414,0.06316828,0.861842042,1,64,13,14
oy,bt,oy,bt,kn,51,bt,PHG,7/27/2015,7/12/2013,8/2/2014,1,0,PHG,oybt,1.299704293,2.599408587,0.827579843,1,61,13,2
tp,qc,qc,tp,qo,15,yr,ENK,12/31/2016,4/1/2015,5/16/2016,0,0,ENK,qctp,0.226567134,0.453134269,0.676125965,0,71,22,17
qc,jj,qc,jj,qo,15,yr,ENK,12/31/2016,4/1/2015,5/16/2016,0,0,ENK,qcjj,0,0,0.254301697,0,69,17,8
qc,yy,qc,yy,qo,15,yr,ENK,12/31/2016,4/1/2015,5/16/2016,0,0,ENK,qcyy,0.148052833,0.296105666,0.605218479,0,73,17,38
qc,s1,qc,s1,qo,15,yr,ENK,12/31/2016,4/1/2015,5/16/2016,0,0,ENK,qcs1,0,0,0,0,70,17,20
qc,yr,qc,yr,qo,15,yr,ENK,12/31/2016,4/1/2015,5/16/2016,1,0,ENK,qcyr,7.429681842,0.157028603,0.978408167,0,72,17,37
s1,qn,qn,s1,qm,6,yr,ENK,12/31/2016,7/11/2015,7/23/2016,0,0,ENK,qns1,0,0,0,0,75,20,18
qn,yy,qn,yy,qm,6,yr,ENK,12/31/2016,7/11/2015,7/23/2016,0,0,ENK,qnyy,2.622157782,2.355426098,0.627378889,0,79,18,38
qn,tp,qn,tp,qm,6,yr,ENK,12/31/2016,7/11/2015,7/23/2016,0,0,ENK,qntp,3.085174206,0.392571213,0.689904191,0,76,18,22
qn,yr,qn,yr,qm,6,yr,ENK,12/31/2016,7/11/2015,7/23/2016,1,0,ENK,qnyr,0,0,0.969344929,0,78,18,37
qn,yn,qn,yn,qw,9,tp,ENK,7/11/2015,3/14/2014,4/14/2015,0,0,ENK,qnyn,0,0,1,0,77,18,36
qn,yr,qn,yr,qw,9,tp,ENK,7/11/2015,3/14/2014,4/14/2015,0,1,ENK,qnyr,0.620646257,1.241292513,0.689414194,0,78,18,37
qn,yy,qn,yy,qw,9,tp,ENK,7/11/2015,3/14/2014,4/14/2015,0,0,ENK,qnyy,0.25171706,0.50343412,0,0,79,18,38
qn,jj,qn,jj,qw,9,tp,ENK,7/11/2015,3/14/2014,4/14/2015,0,0,ENK,qnjj,2.282383381,4.564766762,0.568633209,0,74,18,8
qn,s1,qn,s1,qw,9,tp,ENK,7/11/2015,3/14/2014,4/14/2015,0,0,ENK,qns1,0,0,0.303473892,0,75,18,20
qn,tp,qn,tp,qw,9,tp,ENK,7/11/2015,3/14/2014,4/14/2015,1,0,ENK,qntp,2.629015289,3.332104556,0.535762028,0,76,18,22
yy,qp,qp,yy,qy,9,tp,ENK,12/21/2015,10/4/2014,10/5/2015,0,0,ENK,qpyy,1.049997662,0.786795038,0.019896045,0,85,38,19
qp,jj,qp,jj,qy,9,tp,ENK,12/21/2015,10/4/2014,10/5/2015,0,0,ENK,qpjj,17.42500412,7.2906366,0.233039494,0,80,19,8
qp,yn,qp,yn,qy,9,tp,ENK,12/21/2015,10/4/2014,10/5/2015,0,0,ENK,qpyn,0,0,1,0,83,19,36
qp,s1,qp,s1,qy,9,tp,ENK,12/21/2015,10/4/2014,10/5/2015,0,0,ENK,qps1,0,0,0.026821912,0,81,19,20
qp,yr,qp,yr,qy,9,tp,ENK,12/21/2015,10/4/2014,10/5/2015,0,0,ENK,qpyr,0,0,0.556505248,0,84,19,37
qp,tp,qp,tp,qy,9,tp,ENK,12/21/2015,10/4/2014,10/5/2015,1,0,ENK,qptp,0.750766613,1.501533226,0.395383353,0,82,19,22
ph,tr,tr,ph,rq,17,bt,PHG,11/24/2015,3/30/2014,4/24/2015,0,0,PHG,trph,0,0,0.233659587,1,89,15,23
tr,sn,tr,sn,rq,17,bt,PHG,11/24/2015,3/30/2014,4/24/2015,0,0,PHG,trsn,0.308744257,0.617488515,0.638963742,1,91,23,21
tr,pz,tr,pz,rq,17,bt,PHG,11/24/2015,3/30/2014,4/24/2015,0,0,PHG,trpz,0.094752822,0.189505644,0.769944679,1,90,23,16
tr,jy,tr,jy,rq,17,bt,PHG,11/24/2015,3/30/2014,4/24/2015,0,0,PHG,trjy,4.567295329,4.513287614,0.98957771,1,87,23,9
tr,xc,tr,xc,rq,17,bt,PHG,11/24/2015,3/30/2014,4/24/2015,0,0,PHG,trxc,0,0,0.001143764,1,92,23,34
tr,oz,tr,oz,rq,17,bt,PHG,11/24/2015,3/30/2014,4/24/2015,0,0,PHG,troz,0,0,0.88484225,1,88,23,14
tr,bt,tr,bt,rq,17,bt,PHG,11/24/2015,3/30/2014,4/24/2015,1,0,PHG,trbt,0.189505644,0.379011289,0.71597648,1,86,23,2
pz,ty,ty,pz,ru,2,jy,PHG,12/31/2016,5/29/2015,7/14/2016,0,0,PHG,typz,0,0,0.815699905,1,97,16,24
ty,bt,ty,bt,ru,2,jy,PHG,12/31/2016,5/29/2015,7/14/2016,0,0,PHG,tybt,0,0,0.840350356,1,93,24,2
ty,um,ty,um,ru,2,jy,PHG,12/31/2016,5/29/2015,7/14/2016,0,0,PHG,tyum,12.11957513,0,0.075999033,1,99,24,28
ty,xh,ty,xh,ru,2,jy,PHG,12/31/2016,5/29/2015,7/14/2016,0,0,PHG,tyxh,0,0,0.066484904,1,100,24,35
ty,ub,ty,ub,ru,2,jy,PHG,12/31/2016,5/29/2015,7/14/2016,0,0,PHG,tyub,0,0,0,1,98,24,26
ty,ph,ty,ph,ru,2,jy,PHG,12/31/2016,5/29/2015,7/14/2016,0,0,PHG,typh,0,0,1,1,96,24,15
ty,oz,ty,oz,ru,2,jy,PHG,12/31/2016,5/29/2015,7/14/2016,0,0,PHG,tyoz,0.805399391,1.610798783,0.780719342,1,95,24,14
ty,jy,ty,jy,ru,2,jy,PHG,12/31/2016,5/29/2015,7/14/2016,1,0,PHG,tyjy,0,0,0.763216122,1,94,24,9
s1,ua,ua,s1,ah,17,tp,ENK,9/1/2014,4/21/2013,3/27/2014,0,0,ENK,uas1,3.875203146,1.961462408,0.098036667,0,102,20,25
ua,jj,ua,jj,ah,17,tp,ENK,9/1/2014,4/21/2013,3/27/2014,0,0,ENK,uajj,1.404052975,2.112881921,0.050191053,0,101,25,8
ua,tp,ua,tp,ah,17,tp,ENK,9/1/2014,4/21/2013,3/27/2014,1,0,ENK,uatp,1.676807211,3.353614422,0.688908442,0,103,25,22
s1,uk,uk,s1,yx,7,yn,ENK,5/5/2016,12/30/2014,1/15/2016,0,0,ENK,uks1,0,0,0.00059139,0,105,20,27
uk,yy,uk,yy,yx,7,yn,ENK,5/5/2016,12/30/2014,1/15/2016,0,0,ENK,ukyy,0.184198202,0.368396404,0.095903659,0,108,27,38
uk,yr,uk,yr,yx,7,yn,ENK,5/5/2016,12/30/2014,1/15/2016,0,0,ENK,ukyr,0,0,0.528830834,0,107,27,37
uk,tp,uk,tp,yx,7,yn,ENK,5/5/2016,12/30/2014,1/15/2016,0,0,ENK,uktp,0,0,0.188538775,0,106,27,22
uk,jj,uk,jj,yx,7,yn,ENK,5/5/2016,12/30/2014,1/15/2016,0,0,ENK,ukjj,0.168244847,0.336489695,0.198030521,0,104,27,8
sn,un,un,sn,zi,10,oz,PHG,5/16/2016,1/5/2015,12/1/2015,0,0,PHG,unsn,0,0,0.515381981,1,115,21,29
un,xh,un,xh,zi,10,oz,PHG,5/16/2016,1/5/2015,12/1/2015,0,0,PHG,unxh,0,0,0.038101713,1,116,29,35
un,oe,un,oe,zi,10,oz,PHG,5/16/2016,1/5/2015,12/1/2015,0,0,PHG,unoe,0.270919611,0.541839222,0.907871903,1,111,29,11
un,ph,un,ph,zi,10,oz,PHG,5/16/2016,1/5/2015,12/1/2015,0,0,PHG,unph,4.606444768,7.248834759,0.443895611,1,113,29,15
un,pz,un,pz,zi,10,oz,PHG,5/16/2016,1/5/2015,12/1/2015,0,0,PHG,unpz,1.226107741,2.452215483,0.700807774,1,114,29,16
un,jy,un,jy,zi,10,oz,PHG,5/16/2016,1/5/2015,12/1/2015,0,0,PHG,unjy,0,0,0.983170063,1,110,29,9
un,bt,un,bt,zi,10,oz,PHG,5/16/2016,1/5/2015,12/1/2015,0,0,PHG,unbt,0,0,0.846243078,1,109,29,2
un,oz,un,oz,zi,10,oz,PHG,5/16/2016,1/5/2015,12/1/2015,1,0,PHG,unoz,0,0,0.766167095,1,112,29,14
jy,ur,ur,jy,cu,6,oe,PHG,8/2/2014,3/18/2013,4/22/2014,0,0,PHG,urjy,0,0,0.583620323,1,119,9,30
ur,oz,ur,oz,cu,6,oe,PHG,8/2/2014,3/18/2013,4/22/2014,0,1,PHG,uroz,15.37053126,6.664140263,0.692061692,1,121,30,14
ur,yr,ur,yr,cu,6,oe,PHG,8/2/2014,3/18/2013,4/22/2014,0,0,PHG,uryr,0,0,0.603924859,1,124,30,37
ur,ph,ur,ph,cu,6,oe,PHG,8/2/2014,3/18/2013,4/22/2014,0,0,PHG,urph,0,0,0,1,122,30,15
ur,ez,ur,ez,cu,6,oe,PHG,8/2/2014,3/18/2013,4/22/2014,0,0,PHG,urez,0,0,0.210164364,1,118,30,5
ur,bt,ur,bt,cu,6,oe,PHG,8/2/2014,3/18/2013,4/22/2014,0,0,PHG,urbt,0,0,0.828340846,1,117,30,2
ur,pz,ur,pz,cu,6,oe,PHG,8/2/2014,3/18/2013,4/22/2014,0,0,PHG,urpz,4.626898493,9.253796986,0.800336173,1,123,30,16
ur,oe,ur,oe,cu,6,oe,PHG,8/2/2014,3/18/2013,4/22/2014,1,0,PHG,uroe,0,0,1,1,120,30,11
bt,ut,ut,bt,uw,5,tp,ENK,2/20/2015,12/22/2013,11/3/2014,0,0,PHG,utbt,0,0,0.890375316,1,125,2,31
ut,s1,ut,s1,uw,5,tp,ENK,2/20/2015,12/22/2013,11/3/2014,0,0,ENK,uts1,0,0,0.351909795,0,127,31,20
ut,yy,ut,yy,uw,5,tp,ENK,2/20/2015,12/22/2013,11/3/2014,0,0,ENK,utyy,1.4323134,0.500863921,0,0,131,31,38
ut,yr,ut,yr,uw,5,tp,ENK,2/20/2015,12/22/2013,11/3/2014,0,1,ENK,utyr,1.131303172,2.262606345,0.549295056,0,130,31,37
ut,tp,ut,tp,uw,5,tp,ENK,2/20/2015,12/22/2013,11/3/2014,1,0,ENK,uttp,0,0,0.820900226,0,128,31,22
ut,yn,ut,yn,uy,7,yr,ENK,3/2/2016,2/20/2015,12/23/2015,0,0,ENK,utyn,0,0,1,0,129,31,36
ut,yy,ut,yy,uy,7,yr,ENK,3/2/2016,2/20/2015,12/23/2015,0,0,ENK,utyy,0,0,0.03601498,0,131,31,38
ut,jj,ut,jj,uy,7,yr,ENK,3/2/2016,2/20/2015,12/23/2015,0,0,ENK,utjj,0.504735426,1.009470851,0.227023381,0,126,31,8
ut,tp,ut,tp,uy,7,yr,ENK,3/2/2016,2/20/2015,12/23/2015,0,0,ENK,uttp,0,0,0.270847646,0,128,31,22
ut,s1,ut,s1,uy,7,yr,ENK,3/2/2016,2/20/2015,12/23/2015,0,0,ENK,uts1,0.844201661,0,0.00011282,0,127,31,20
ut,yr,ut,yr,uy,7,yr,ENK,3/2/2016,2/20/2015,12/23/2015,1,0,ENK,utyr,0,0,0.501506997,0,130,31,37
jj,uv,uv,jj,cf,11,tp,ENK,11/4/2014,9/16/2013,8/18/2014,0,0,ENK,uvjj,1.756205781,3.512411562,0.319281673,0,132,8,32
uv,s1,uv,s1,cf,11,tp,ENK,11/4/2014,9/16/2013,8/18/2014,0,0,ENK,uvs1,0.561589399,1.123178798,0.090218095,0,133,32,20
uv,yr,uv,yr,cf,11,tp,ENK,11/4/2014,9/16/2013,8/18/2014,0,1,ENK,uvyr,0.249191617,0.498383234,0.887380121,0,136,32,37
uv,tp,uv,tp,cf,11,tp,ENK,11/4/2014,9/16/2013,8/18/2014,1,0,ENK,uvtp,1.435477841,2.870955683,0.992216425,0,134,32,22
uv,s1,uv,s1,cj,8,yr,ENK,11/27/2015,11/4/2014,8/10/2015,0,0,ENK,uvs1,0,0,0.043464766,0,133,32,20
uv,yn,uv,yn,cj,8,yr,ENK,11/27/2015,11/4/2014,8/10/2015,0,0,ENK,uvyn,0,0,1,0,135,32,36
uv,jj,uv,jj,cj,8,yr,ENK,11/27/2015,11/4/2014,8/10/2015,0,0,ENK,uvjj,0.462966891,0.925933783,0.363265345,0,132,32,8
uv,tp,uv,tp,cj,8,yr,ENK,11/27/2015,11/4/2014,8/10/2015,0,0,ENK,uvtp,0.509965293,1.019930586,0.438646207,0,134,32,22
uv,yy,uv,yy,cj,8,yr,ENK,11/27/2015,11/4/2014,8/10/2015,0,0,ENK,uvyy,1.036826835,0.59630187,0.017584534,0,137,32,38
uv,yr,uv,yr,cj,8,yr,ENK,11/27/2015,11/4/2014,8/10/2015,1,0,ENK,uvyr,0.384515757,0.769031514,0.638711985,0,136,32,37
s1,ux,ux,s1,yo,2,yn,ENK,7/21/2016,4/3/2015,6/6/2016,0,0,ENK,uxs1,0.588856524,1.177713049,0,0,138,20,33
ux,yr,ux,yr,yo,2,yn,ENK,7/21/2016,4/3/2015,6/6/2016,0,0,ENK,uxyr,0,0,1,0,140,33,37
ux,tp,ux,tp,yo,2,yn,ENK,7/21/2016,4/3/2015,6/6/2016,0,0,ENK,uxtp,0,0,0.669093736,0,139,33,22
ux,yy,ux,yy,yo,2,yn,ENK,7/21/2016,4/3/2015,6/6/2016,0,0,ENK,uxyy,0,0,0.604040135,0,141,33,38
fd,oe,fd,oe,gb,19,oe,PHG,5/23/2014,2/1/2013,11/22/2013,1,1,PHG,fdoe,1.242894306,1.452077124,1,1,24,6,11
ux,yn,ux,yn,ue,1,yn,ENK,4/3/2015,12/11/2013,3/9/2015,1,1,ENK,uxyn,7.055898605,2.292982818,1,0,142,33,36
