momid,partner,inf,dadid,natalto,doc_next_infant,doc_infant,dob_infant,day_resumecycle,realdad,nextdad,score_lac,male_dob,DSI,dyad
bf,bt,ye,oe,PHG,9/6/2014,6/6/2013,12/1/2013,4/29/2014,0,0,0.771890499,NA,0.098393969,bf_bt
fh,bf,ye,oe,PHG,9/6/2014,6/6/2013,12/1/2013,4/29/2014,0,0,0.357948113,4/26/2007,0.686927757,bf_fh
jy,bf,ye,oe,PHG,9/6/2014,6/6/2013,12/1/2013,4/29/2014,0,0,0.499458809,5/4/2006,0,bf_jy
oe,bf,ye,oe,PHG,9/6/2014,6/6/2013,12/1/2013,4/29/2014,1,0,1,10/30/2004,0.197352416,bf_oe
ph,bf,ye,oe,PHG,9/6/2014,6/6/2013,12/1/2013,4/29/2014,0,0,0,9/6/2007,0.116374833,bf_ph
pz,bf,ye,oe,PHG,9/6/2014,6/6/2013,12/1/2013,4/29/2014,0,0,0.794053125,5/4/2000,2.521563231,bf_pz
bt,bf,yg,oz,PHG,NA,9/6/2014,3/3/2015,9/21/2015,0,0,0.751521116,NA,0.309055979,bf_bt
jy,bf,yg,oz,PHG,NA,9/6/2014,3/3/2015,9/21/2015,0,0,0.964191953,5/4/2006,0.06294575,bf_jy
oz,bf,yg,oz,PHG,NA,9/6/2014,3/3/2015,9/21/2015,1,0,0.930081536,9/18/2006,3.182300199,bf_oz
ph,bf,yg,oz,PHG,NA,9/6/2014,3/3/2015,9/21/2015,0,0,0.219881595,9/6/2007,0.289241068,bf_ph
pz,bf,yg,oz,PHG,NA,9/6/2014,3/3/2015,9/21/2015,0,0,0.84345689,5/4/2000,4.83932226,bf_pz
sn,bf,yg,oz,PHG,NA,9/6/2014,3/3/2015,9/21/2015,0,0,0.716592124,NA,0,bf_sn
xc,bf,yg,oz,PHG,NA,9/6/2014,3/3/2015,9/21/2015,0,0,0,7/1/2008,0.341467444,bf_xc
by,jj,qe,tp,ENK,3/29/2014,4/8/2013,10/3/2013,2/5/2014,0,1,0,11/20/2006,0.563426261,by_jj
s1,by,qe,tp,ENK,3/29/2014,4/8/2013,10/3/2013,2/5/2014,0,0,0.502486391,NA,0.461161677,by_s1
s3,by,qe,tp,ENK,3/29/2014,4/8/2013,10/3/2013,2/5/2014,0,0,0.297525891,NA,0.068060752,by_s3
sn,by,qe,tp,ENK,3/29/2014,4/8/2013,10/3/2013,2/5/2014,0,0,1,NA,3.197528077,by_sn
tp,by,qe,tp,ENK,3/29/2014,4/8/2013,10/3/2013,2/5/2014,1,0,0.764922036,1/1/2004,2.703571465,by_tp
jj,by,qf,jj,ENK,4/27/2015,3/29/2014,9/23/2014,2/5/2015,1,0,0.410485863,11/20/2006,1.575767553,by_jj
s1,by,qf,jj,ENK,4/27/2015,3/29/2014,9/23/2014,2/5/2015,0,1,0.270043312,NA,2.668083406,by_s1
tp,by,qf,jj,ENK,4/27/2015,3/29/2014,9/23/2014,2/5/2015,0,0,0.90346309,1/1/2004,0.566104993,by_tp
yr,by,qf,jj,ENK,4/27/2015,3/29/2014,9/23/2014,2/5/2015,0,0,0.638127962,5/17/2007,0.036909492,by_yr
jj,by,ql,s1,ENK,NA,4/27/2015,10/22/2015,3/22/2016,0,0,0.221948467,11/20/2006,0.890420549,by_jj
s1,by,ql,s1,ENK,NA,4/27/2015,10/22/2015,3/22/2016,1,0,0.003095122,NA,1.843550274,by_s1
tp,by,ql,s1,ENK,NA,4/27/2015,10/22/2015,3/22/2016,0,0,0.295065155,1/1/2004,0.223655921,by_tp
yn,by,ql,s1,ENK,NA,4/27/2015,10/22/2015,3/22/2016,0,0,1,9/24/2005,0.031783205,by_yn
yr,by,ql,s1,ENK,NA,4/27/2015,10/22/2015,3/22/2016,0,0,0.526122973,5/17/2007,0.289182438,by_yr
yy,by,ql,s1,ENK,NA,4/27/2015,10/22/2015,3/22/2016,0,0,0.031786374,1/22/2009,0.136763321,by_yy
bt,dz,xt,oe,PHG,NA,8/31/2013,2/25/2014,12/8/2014,0,0,0.830902018,NA,0.035360138,dz_bt
dz,ez,xt,oe,PHG,NA,8/31/2013,2/25/2014,12/8/2014,0,0,0.212253198,8/14/2007,0.043962986,dz_ez
dz,jy,xt,oe,PHG,NA,8/31/2013,2/25/2014,12/8/2014,0,0,0.56610728,5/4/2006,0.042179011,dz_jy
dz,oe,xt,oe,PHG,NA,8/31/2013,2/25/2014,12/8/2014,1,0,0.982724558,10/30/2004,1.162023649,dz_oe
dz,oz,xt,oe,PHG,NA,8/31/2013,2/25/2014,12/8/2014,0,0,0.712989406,9/18/2006,0.11995145,dz_oz
dz,ph,xt,oe,PHG,NA,8/31/2013,2/25/2014,12/8/2014,0,0,0,9/6/2007,0.266881042,dz_ph
dz,pz,xt,oe,PHG,NA,8/31/2013,2/25/2014,12/8/2014,0,0,0.789584987,5/4/2000,1.94301803,dz_pz
bt,fd,gj,oe,PHG,7/21/2015,5/23/2014,11/17/2014,4/29/2015,0,0,0.86115852,NA,0.419055698,fd_bt
fd,jy,gj,oe,PHG,7/21/2015,5/23/2014,11/17/2014,4/29/2015,0,0,0.747433895,5/4/2006,0,fd_jy
fd,oz,gj,oe,PHG,7/21/2015,5/23/2014,11/17/2014,4/29/2015,0,1,0.877820571,9/18/2006,0.095593541,fd_oz
fd,ph,gj,oe,PHG,7/21/2015,5/23/2014,11/17/2014,4/29/2015,0,0,0.114259562,9/6/2007,0.226751692,fd_ph
fd,pz,gj,oe,PHG,7/21/2015,5/23/2014,11/17/2014,4/29/2015,0,0,0.862168205,5/4/2000,9.344864632,fd_pz
fd,sn,gj,oe,PHG,7/21/2015,5/23/2014,11/17/2014,4/29/2015,0,0,0.723836131,NA,0,fd_sn
fd,xc,gj,oe,PHG,7/21/2015,5/23/2014,11/17/2014,4/29/2015,0,0,0.002596941,7/1/2008,0.095593541,fd_xc
fd,bt,gx,oz,PHG,NA,7/21/2015,1/15/2016,7/19/2016,0,0,0.833063216,NA,0,fd_bt
fd,jy,gx,oz,PHG,NA,7/21/2015,1/15/2016,7/19/2016,0,0,0.88982788,5/4/2006,0.285161581,fd_jy
fd,oz,gx,oz,PHG,NA,7/21/2015,1/15/2016,7/19/2016,1,0,0.783808825,9/18/2006,0.578579187,fd_oz
fd,ph,gx,oz,PHG,NA,7/21/2015,1/15/2016,7/19/2016,0,0,0.670759839,9/6/2007,0.214940736,fd_ph
fd,pz,gx,oz,PHG,NA,7/21/2015,1/15/2016,7/19/2016,0,0,0.782895825,5/4/2000,0.542954789,fd_pz
fd,um,gx,oz,PHG,NA,7/21/2015,1/15/2016,7/19/2016,0,0,0.030963733,5/19/2010,0,fd_um
fd,xh,gx,oz,PHG,NA,7/21/2015,1/15/2016,7/19/2016,0,0,0.057478576,6/11/2010,0.06149142,fd_xh
bt,fx,gn,jy,PHG,10/24/2015,6/23/2014,12/18/2014,8/26/2015,0,1,0.805575843,NA,1.680260248,fx_bt
fx,jy,gn,jy,PHG,10/24/2015,6/23/2014,12/18/2014,8/26/2015,1,0,0.882144379,5/4/2006,7.547005552,fx_jy
fx,oz,gn,jy,PHG,10/24/2015,6/23/2014,12/18/2014,8/26/2015,0,0,0.921296647,9/18/2006,0.04994879,fx_oz
fx,ph,gn,jy,PHG,10/24/2015,6/23/2014,12/18/2014,8/26/2015,0,0,0.182282195,9/6/2007,1.079326481,fx_ph
fx,pz,gn,jy,PHG,10/24/2015,6/23/2014,12/18/2014,8/26/2015,0,0,0.851890589,5/4/2000,0.215895025,fx_pz
fx,sn,gn,jy,PHG,10/24/2015,6/23/2014,12/18/2014,8/26/2015,0,0,0.724002447,NA,0.310566701,fx_sn
fx,xc,gn,jy,PHG,10/24/2015,6/23/2014,12/18/2014,8/26/2015,0,0,0,7/1/2008,0.186008654,fx_xc
fx,bt,go,bt,PHG,6/23/2014,3/9/2013,9/3/2013,4/1/2014,1,0,0.769621439,NA,0.557179496,fx_bt
ez,fx,go,bt,PHG,6/23/2014,3/9/2013,9/3/2013,4/1/2014,0,0,0.057349408,8/14/2007,0.119010894,fx_ez
fx,fh,go,bt,PHG,6/23/2014,3/9/2013,9/3/2013,4/1/2014,0,0,0.357989491,4/26/2007,0.426249601,fx_fh
fx,jy,go,bt,PHG,6/23/2014,3/9/2013,9/3/2013,4/1/2014,0,1,0.472254143,5/4/2006,0.080085147,fx_jy
fx,oe,go,bt,PHG,6/23/2014,3/9/2013,9/3/2013,4/1/2014,0,0,0.999979573,10/30/2004,0.002593626,fx_oe
fx,ph,go,bt,PHG,6/23/2014,3/9/2013,9/3/2013,4/1/2014,0,0,0.007286729,9/6/2007,0.004871625,fx_ph
fx,pz,go,bt,PHG,6/23/2014,3/9/2013,9/3/2013,4/1/2014,0,0,0.804017304,5/4/2000,0,fx_pz
fx,yn,go,bt,PHG,6/23/2014,3/9/2013,9/3/2013,4/1/2014,0,0,0.915274596,9/24/2005,0.295865432,fx_yn
fx,yr,go,bt,PHG,6/23/2014,3/9/2013,9/3/2013,4/1/2014,0,0,0.381200491,5/17/2007,0.003238601,fx_yr
fx,bt,gz,bt,PHG,NA,10/24/2015,4/19/2016,9/30/2016,1,0,0.839327473,NA,5.963689224,fx_bt
fx,jy,gz,bt,PHG,NA,10/24/2015,4/19/2016,9/30/2016,0,0,0.790814696,5/4/2006,4.234256749,fx_jy
fx,oz,gz,bt,PHG,NA,10/24/2015,4/19/2016,9/30/2016,0,0,0.826831643,9/18/2006,0.063729028,fx_oz
fx,ph,gz,bt,PHG,NA,10/24/2015,4/19/2016,9/30/2016,0,0,0.959089543,9/6/2007,0,fx_ph
fx,pz,gz,bt,PHG,NA,10/24/2015,4/19/2016,9/30/2016,0,0,0.864957411,5/4/2000,0.010525454,fx_pz
fx,ub,gz,bt,PHG,NA,10/24/2015,4/19/2016,9/30/2016,0,0,0.00877188,7/9/2010,0.371588263,fx_ub
um,fx,gz,bt,PHG,NA,10/24/2015,4/19/2016,9/30/2016,0,0,0.067641342,5/19/2010,0.422448549,fx_um
fx,xh,gz,bt,PHG,NA,10/24/2015,4/19/2016,9/30/2016,0,0,0.07436675,6/11/2010,0.31706553,fx_xh
bt,oa,kf,yn,PHG,NA,9/17/2014,3/14/2015,10/13/2015,0,0,0.731344347,NA,0,oa_bt
oa,jy,kf,yn,PHG,NA,9/17/2014,3/14/2015,10/13/2015,0,0,0.970283789,5/4/2006,0.646183944,oa_jy
oa,oz,kf,yn,PHG,NA,9/17/2014,3/14/2015,10/13/2015,0,0,0.919974762,9/18/2006,0,oa_oz
oa,ph,kf,yn,PHG,NA,9/17/2014,3/14/2015,10/13/2015,0,0,0.222131992,9/6/2007,0.057595246,oa_ph
oa,pz,kf,yn,PHG,NA,9/17/2014,3/14/2015,10/13/2015,0,0,0.826532903,5/4/2000,3.513930623,oa_pz
oa,sn,kf,yn,PHG,NA,9/17/2014,3/14/2015,10/13/2015,0,0,0.693835499,NA,0.128620763,oa_sn
oa,xc,kf,yn,PHG,NA,9/17/2014,3/14/2015,10/13/2015,0,0,0.000261717,7/1/2008,0.095593541,oa_xc
bt,oo,as,jy,PHG,9/17/2014,3/23/2013,9/17/2013,3/6/2014,0,0,0.769487205,NA,0,oo_bt
oo,ez,as,jy,PHG,9/17/2014,3/23/2013,9/17/2013,3/6/2014,0,0,0.049996781,8/14/2007,0.214642145,oo_ez
oo,fh,as,jy,PHG,9/17/2014,3/23/2013,9/17/2013,3/6/2014,0,0,0.352209004,4/26/2007,1.355243663,oo_fh
oo,jy,as,jy,PHG,9/17/2014,3/23/2013,9/17/2013,3/6/2014,1,0,0.464119991,5/4/2006,0,oo_jy
oo,oe,as,jy,PHG,9/17/2014,3/23/2013,9/17/2013,3/6/2014,0,0,1,10/30/2004,0,oo_oe
oo,ph,as,jy,PHG,9/17/2014,3/23/2013,9/17/2013,3/6/2014,0,0,0.006158058,9/6/2007,0.315508676,oo_ph
oo,pz,as,jy,PHG,9/17/2014,3/23/2013,9/17/2013,3/6/2014,0,0,0.808669958,5/4/2000,0,oo_pz
oo,yn,as,jy,PHG,9/17/2014,3/23/2013,9/17/2013,3/6/2014,0,0,0.922410597,9/24/2005,2.426890579,oo_yn
oo,yr,as,jy,PHG,9/17/2014,3/23/2013,9/17/2013,3/6/2014,0,1,0.372196344,5/17/2007,4.636762132,oo_yr
bt,oy,kn,bt,PHG,7/27/2015,7/12/2013,1/6/2014,8/2/2014,1,0,0.801564323,NA,3.534130549,oy_bt
oy,ez,kn,bt,PHG,7/27/2015,7/12/2013,1/6/2014,8/2/2014,0,0,0.163285721,8/14/2007,0.008494467,oy_ez
oy,jy,kn,bt,PHG,7/27/2015,7/12/2013,1/6/2014,8/2/2014,0,1,0.547387002,5/4/2006,0.136883959,oy_jy
oy,oe,kn,bt,PHG,7/27/2015,7/12/2013,1/6/2014,8/2/2014,0,0,1,10/30/2004,0.068723299,oy_oe
oy,oz,kn,bt,PHG,7/27/2015,7/12/2013,1/6/2014,8/2/2014,0,0,0.654415874,9/18/2006,0.046486561,oy_oz
oy,ph,kn,bt,PHG,7/27/2015,7/12/2013,1/6/2014,8/2/2014,0,0,0,9/6/2007,0.46532419,oy_ph
oy,pz,kn,bt,PHG,7/27/2015,7/12/2013,1/6/2014,8/2/2014,0,0,0.795396408,5/4/2000,0,oy_pz
oy,bt,kq,jy,PHG,NA,7/27/2015,1/21/2016,9/30/2016,0,0,0.838376466,NA,1.280928106,oy_bt
oy,jy,kq,jy,PHG,NA,7/27/2015,1/21/2016,9/30/2016,1,0,0.864111909,5/4/2006,2.741821427,oy_jy
oy,oz,kq,jy,PHG,NA,7/27/2015,1/21/2016,9/30/2016,0,0,0.807995352,9/18/2006,0,oy_oz
oy,ph,kq,jy,PHG,NA,7/27/2015,1/21/2016,9/30/2016,0,0,0.773963762,9/6/2007,0,oy_ph
oy,pz,kq,jy,PHG,NA,7/27/2015,1/21/2016,9/30/2016,0,0,0.805057498,5/4/2000,0,oy_pz
oy,um,kq,jy,PHG,NA,7/27/2015,1/21/2016,9/30/2016,0,0,0.057367316,5/19/2010,0.125466648,oy_um
xh,oy,kq,jy,PHG,NA,7/27/2015,1/21/2016,9/30/2016,0,0,0.064513073,6/11/2010,0.170856815,oy_xh
jj,qc,qo,yr,ENK,NA,4/1/2015,9/26/2015,5/5/2016,0,0,0.218057269,11/20/2006,0.18744686,qc_jj
qc,s1,qo,yr,ENK,NA,4/1/2015,9/26/2015,5/5/2016,0,0,0.009769367,NA,0.124145794,qc_s1
qc,tp,qo,yr,ENK,NA,4/1/2015,9/26/2015,5/5/2016,0,0,0.289196359,1/1/2004,0.0831444,qc_tp
qc,yr,qo,yr,ENK,NA,4/1/2015,9/26/2015,5/5/2016,1,0,0.545633353,5/17/2007,2.602101496,qc_yr
qc,yy,qo,yr,ENK,NA,4/1/2015,9/26/2015,5/5/2016,0,0,0.063189293,1/22/2009,0.863035744,qc_yy
s1,qn,qm,yr,ENK,NA,7/11/2015,1/5/2016,7/23/2016,0,0,0.000329531,NA,0.274632395,qn_s1
qn,tp,qm,yr,ENK,NA,7/11/2015,1/5/2016,7/23/2016,0,0,0.37051831,1/1/2004,1.811450769,qn_tp
qn,yr,qm,yr,ENK,NA,7/11/2015,1/5/2016,7/23/2016,1,0,0.71575683,5/17/2007,0.088892042,qn_yr
qn,yy,qm,yr,ENK,NA,7/11/2015,1/5/2016,7/23/2016,0,0,0.263314144,1/22/2009,0.161780382,qn_yy
qn,jj,qw,tp,ENK,7/11/2015,3/14/2014,9/8/2014,4/13/2015,0,0,0.400476014,11/20/2006,1.165926551,qn_jj
qn,s1,qw,tp,ENK,7/11/2015,3/14/2014,9/8/2014,4/13/2015,0,0,0.319641448,NA,0.699704018,qn_s1
qn,tp,qw,tp,ENK,7/11/2015,3/14/2014,9/8/2014,4/13/2015,1,0,0.811563895,1/1/2004,1.51750477,qn_tp
qn,yr,qw,tp,ENK,7/11/2015,3/14/2014,9/8/2014,4/13/2015,0,1,0.659640131,5/17/2007,0.21779863,qn_yr
jj,qp,qr,tp,ENK,10/4/2014,8/17/2013,2/11/2014,9/8/2014,0,0,0.045147765,11/20/2006,0.858769567,qp_jj
qp,s1,qr,tp,ENK,10/4/2014,8/17/2013,2/11/2014,9/8/2014,0,0,0.169016501,NA,1.038349406,qp_s1
qp,tp,qr,tp,ENK,10/4/2014,8/17/2013,2/11/2014,9/8/2014,1,1,0.713846684,1/1/2004,1.194761432,qp_tp
qp,jj,qy,tp,ENK,NA,10/4/2014,3/31/2015,10/3/2015,0,0,0.551350876,11/20/2006,4.171003128,qp_jj
qp,s1,qy,tp,ENK,NA,10/4/2014,3/31/2015,10/3/2015,0,0,0.218832982,NA,0.598167701,qp_s1
qp,tp,qy,tp,ENK,NA,10/4/2014,3/31/2015,10/3/2015,1,0,0.519851018,1/1/2004,1.051335112,qp_tp
qp,yn,qy,tp,ENK,NA,10/4/2014,3/31/2015,10/3/2015,0,0,1,9/24/2005,0,qp_yn
qp,yr,qy,tp,ENK,NA,10/4/2014,3/31/2015,10/3/2015,0,0,0.701013145,5/17/2007,0.077273703,qp_yr
qp,yy,qy,tp,ENK,NA,10/4/2014,3/31/2015,10/3/2015,0,0,0.008535307,1/22/2009,0.514419254,qp_yy
bt,tr,rq,bt,PHG,11/24/2015,3/30/2014,9/24/2014,4/24/2015,1,0,0.860523201,NA,3.718593989,tr_bt
tr,jy,rq,bt,PHG,11/24/2015,3/30/2014,9/24/2014,4/24/2015,0,0,0.690794465,5/4/2006,1.020584889,tr_jy
tr,oz,rq,bt,PHG,11/24/2015,3/30/2014,9/24/2014,4/24/2015,0,0,0.852143505,9/18/2006,0.058897794,tr_oz
tr,ph,rq,bt,PHG,11/24/2015,3/30/2014,9/24/2014,4/24/2015,0,0,0.082844893,9/6/2007,0.239495385,tr_ph
tr,pz,rq,bt,PHG,11/24/2015,3/30/2014,9/24/2014,4/24/2015,0,0,0.836614773,5/4/2000,0.078136497,tr_pz
tr,sn,rq,bt,PHG,11/24/2015,3/30/2014,9/24/2014,4/24/2015,0,0,0.702813704,NA,1.54196028,tr_sn
tr,xc,rq,bt,PHG,11/24/2015,3/30/2014,9/24/2014,4/24/2015,0,0,0.011508168,7/1/2008,0,tr_xc
ty,bt,ru,jy,PHG,NA,5/29/2015,11/23/2015,7/14/2016,0,0,0.819316539,NA,1.259368095,ty_bt
ty,jy,ru,jy,PHG,NA,5/29/2015,11/23/2015,7/14/2016,1,0,0.917755039,5/4/2006,3.49224519,ty_jy
ty,oz,ru,jy,PHG,NA,5/29/2015,11/23/2015,7/14/2016,0,0,0.76559957,9/18/2006,0.082292376,ty_oz
ty,ph,ru,jy,PHG,NA,5/29/2015,11/23/2015,7/14/2016,0,0,0.576799504,9/6/2007,0,ty_ph
ty,pz,ru,jy,PHG,NA,5/29/2015,11/23/2015,7/14/2016,0,0,0.743185516,5/4/2000,0.048665669,ty_pz
ty,um,ru,jy,PHG,NA,5/29/2015,11/23/2015,7/14/2016,0,0,0.025234925,5/19/2010,1.795115381,ty_um
ty,xh,ru,jy,PHG,NA,5/29/2015,11/23/2015,7/14/2016,0,0,0.044501156,6/11/2010,1.248732268,ty_xh
jj,ua,ah,tp,ENK,9/1/2014,4/21/2013,10/16/2013,3/26/2014,0,0,0,11/20/2006,0.467883468,ua_jj
ua,s1,ah,tp,ENK,9/1/2014,4/21/2013,10/16/2013,3/26/2014,0,0,0.498797708,NA,0.009234215,ua_s1
ua,s3,ah,tp,ENK,9/1/2014,4/21/2013,10/16/2013,3/26/2014,0,0,0.278698007,NA,0.001043316,ua_s3
ua,sn,ah,tp,ENK,9/1/2014,4/21/2013,10/16/2013,3/26/2014,0,0,1,NA,0.066391837,ua_sn
ua,tp,ah,tp,ENK,9/1/2014,4/21/2013,10/16/2013,3/26/2014,1,0,0.772498425,1/1/2004,3.286232254,ua_tp
ua,jj,av,yr,ENK,10/24/2015,9/1/2014,2/26/2015,9/21/2015,0,0,0.548707962,11/20/2006,0.158518964,ua_jj
ua,s1,av,yr,ENK,10/24/2015,9/1/2014,2/26/2015,9/21/2015,0,0,0.27453858,NA,2.126551737,ua_s1
ua,tp,av,yr,ENK,10/24/2015,9/1/2014,2/26/2015,9/21/2015,0,0,0.535973475,1/1/2004,1.512858749,ua_tp
ua,yn,av,yr,ENK,10/24/2015,9/1/2014,2/26/2015,9/21/2015,0,0,1,9/24/2005,0,ua_yn
ua,yr,av,yr,ENK,10/24/2015,9/1/2014,2/26/2015,9/21/2015,1,1,0.698860113,5/17/2007,3.302322686,ua_yr
ua,yy,av,yr,ENK,10/24/2015,9/1/2014,2/26/2015,9/21/2015,0,0,0.003751836,1/22/2009,2.083928051,ua_yy
ua,s1,xo,yr,ENK,NA,10/24/2015,4/19/2016,9/30/2016,0,0,0,NA,0.900539396,ua_s1
ua,tp,xo,yr,ENK,NA,10/24/2015,4/19/2016,9/30/2016,0,0,0.60807517,1/1/2004,0.400445546,ua_tp
ua,yr,xo,yr,ENK,NA,10/24/2015,4/19/2016,9/30/2016,1,0,0.96395584,5/17/2007,0.885753421,ua_yr
ua,yy,xo,yr,ENK,NA,10/24/2015,4/19/2016,9/30/2016,0,0,0.513118165,1/22/2009,0.368296411,ua_yy
bt,uj,zu,jy,PHG,NA,7/29/2015,1/23/2016,9/19/2016,0,0,0.835970424,NA,1.11425259,uj_bt
uj,jy,zu,jy,PHG,NA,7/29/2015,1/23/2016,9/19/2016,1,0,0.86623031,5/4/2006,10.05921864,uj_jy
uj,oz,zu,jy,PHG,NA,7/29/2015,1/23/2016,9/19/2016,0,0,0.808102192,9/18/2006,0.122080694,uj_oz
uj,ph,zu,jy,PHG,NA,7/29/2015,1/23/2016,9/19/2016,0,0,0.767492215,9/6/2007,0.80287078,uj_ph
uj,pz,zu,jy,PHG,NA,7/29/2015,1/23/2016,9/19/2016,0,0,0.804078586,5/4/2000,0.229627932,uj_pz
uj,um,zu,jy,PHG,NA,7/29/2015,1/23/2016,9/19/2016,0,0,0.054478779,5/19/2010,3.147569901,uj_um
uj,xh,zu,jy,PHG,NA,7/29/2015,1/23/2016,9/19/2016,0,0,0.063251671,6/11/2010,0.076713961,uj_xh
jj,uk,yx,yn,ENK,NA,12/30/2014,6/26/2015,1/15/2016,0,0,0.398562288,11/20/2006,0.155003604,uk_jj
uk,s1,yx,yn,ENK,NA,12/30/2014,6/26/2015,1/15/2016,0,0,0.067934965,NA,0.523526188,uk_s1
uk,tp,yx,yn,ENK,NA,12/30/2014,6/26/2015,1/15/2016,0,0,0.447013488,1/1/2004,0.089519947,uk_tp
uk,yn,yx,yn,ENK,NA,12/30/2014,6/26/2015,1/15/2016,1,0,1,9/24/2005,1.705074579,uk_yn
uk,yr,yx,yn,ENK,NA,12/30/2014,6/26/2015,1/15/2016,0,0,0.630799212,5/17/2007,0.112039481,uk_yr
uk,yy,yx,yn,ENK,NA,12/30/2014,6/26/2015,1/15/2016,0,0,0.021574649,1/22/2009,0.102847572,uk_yy
bt,un,cg,oe,PHG,1/5/2015,12/13/2013,6/9/2014,11/26/2014,0,0,0.847890946,NA,0,un_bt
un,ez,cg,oe,PHG,1/5/2015,12/13/2013,6/9/2014,11/26/2014,0,0,0.238331611,8/14/2007,0,un_ez
un,jy,cg,oe,PHG,1/5/2015,12/13/2013,6/9/2014,11/26/2014,0,0,0.572472091,5/4/2006,0,un_jy
un,oe,cg,oe,PHG,1/5/2015,12/13/2013,6/9/2014,11/26/2014,1,0,0.974027046,10/30/2004,7.102687959,un_oe
un,oz,cg,oe,PHG,1/5/2015,12/13/2013,6/9/2014,11/26/2014,0,1,0.73143366,9/18/2006,0.059078431,un_oz
un,ph,cg,oe,PHG,1/5/2015,12/13/2013,6/9/2014,11/26/2014,0,0,0,9/6/2007,0.113390141,un_ph
un,pz,cg,oe,PHG,1/5/2015,12/13/2013,6/9/2014,11/26/2014,0,0,0.781465495,5/4/2000,3.350095116,un_pz
un,sn,cg,oe,PHG,1/5/2015,12/13/2013,6/9/2014,11/26/2014,0,0,0.631692044,NA,0,un_sn
un,bt,zi,oz,PHG,NA,1/5/2015,7/2/2015,12/1/2015,0,0,0.715594543,NA,0.250712959,un_bt
un,jy,zi,oz,PHG,NA,1/5/2015,7/2/2015,12/1/2015,0,0,0.999577167,5/4/2006,0,un_jy
un,oe,zi,oz,PHG,NA,1/5/2015,7/2/2015,12/1/2015,0,0,0.81628924,10/30/2004,1.455894969,un_oe
un,oz,zi,oz,PHG,NA,1/5/2015,7/2/2015,12/1/2015,1,0,0.841197313,9/18/2006,0.286163151,un_oz
un,ph,zi,oz,PHG,NA,1/5/2015,7/2/2015,12/1/2015,0,0,0.233374445,9/6/2007,0.074350532,un_ph
un,pz,zi,oz,PHG,NA,1/5/2015,7/2/2015,12/1/2015,0,0,0.699417369,5/4/2000,3.050764723,un_pz
un,sn,zi,oz,PHG,NA,1/5/2015,7/2/2015,12/1/2015,0,0,0.57455958,NA,0,un_sn
bt,ur,cp,oz,PHG,NA,8/2/2014,1/27/2015,7/31/2015,0,0,0.793006326,NA,0.101004332,ur_bt
ur,jy,cp,oz,PHG,NA,8/2/2014,1/27/2015,7/31/2015,0,0,0.922672068,5/4/2006,0.304013158,ur_jy
ur,oz,cp,oz,PHG,NA,8/2/2014,1/27/2015,7/31/2015,1,0,0.943517649,9/18/2006,5.07907637,ur_oz
ur,ph,cp,oz,PHG,NA,8/2/2014,1/27/2015,7/31/2015,0,0,0.209280633,9/6/2007,0.598734091,ur_ph
ur,pz,cp,oz,PHG,NA,8/2/2014,1/27/2015,7/31/2015,0,0,0.890345775,5/4/2000,6.019581973,ur_pz
ur,sn,cp,oz,PHG,NA,8/2/2014,1/27/2015,7/31/2015,0,0,0.745412369,NA,0,ur_sn
ur,xc,cp,oz,PHG,NA,8/2/2014,1/27/2015,7/31/2015,0,0,0,7/1/2008,0.153452483,ur_xc
ur,bt,cu,oe,PHG,8/2/2014,3/18/2013,9/12/2013,4/22/2014,0,0,0.770888702,NA,0,ur_bt
ur,fh,cu,oe,PHG,8/2/2014,3/18/2013,9/12/2013,4/22/2014,0,0,0.359764425,4/26/2007,0.195043386,ur_fh
ur,jy,cu,oe,PHG,8/2/2014,3/18/2013,9/12/2013,4/22/2014,0,0,0.480775231,5/4/2006,0.202844629,ur_jy
ur,oe,cu,oe,PHG,8/2/2014,3/18/2013,9/12/2013,4/22/2014,1,0,1,10/30/2004,2.432135309,ur_oe
ur,ph,cu,oe,PHG,8/2/2014,3/18/2013,9/12/2013,4/22/2014,0,0,0.005469182,9/6/2007,1.52058153,ur_ph
ur,pz,cu,oe,PHG,8/2/2014,3/18/2013,9/12/2013,4/22/2014,0,0,0.804885358,5/4/2000,1.412748037,ur_pz
ur,yn,cu,oe,PHG,8/2/2014,3/18/2013,9/12/2013,4/22/2014,0,0,0.90601786,9/24/2005,0,ur_yn
ur,yr,cu,oe,PHG,8/2/2014,3/18/2013,9/12/2013,4/22/2014,0,0,0.397446675,5/17/2007,0,ur_yr
jj,ut,uw,tp,ENK,2/20/2015,12/22/2013,6/18/2014,11/1/2014,0,0,0.204353861,11/20/2006,0.142928748,ut_jj
ut,s1,uw,tp,ENK,2/20/2015,12/22/2013,6/18/2014,11/1/2014,0,0,0.066631536,NA,0.783835068,ut_s1
ut,tp,uw,tp,ENK,2/20/2015,12/22/2013,6/18/2014,11/1/2014,1,0,0.868318673,1/1/2004,0.33975371,ut_tp
ut,yr,uw,tp,ENK,2/20/2015,12/22/2013,6/18/2014,11/1/2014,0,1,0.76902891,5/17/2007,0.041662723,ut_yr
ut,jj,uy,yr,ENK,NA,2/20/2015,8/17/2015,12/23/2015,0,0,0.318329048,11/20/2006,0.190566084,ut_jj
ut,s1,uy,yr,ENK,NA,2/20/2015,8/17/2015,12/23/2015,0,0,0.028917582,NA,3.175246193,ut_s1
ut,tp,uy,yr,ENK,NA,2/20/2015,8/17/2015,12/23/2015,0,0,0.420475025,1/1/2004,1.643520783,ut_tp
ut,yn,uy,yr,ENK,NA,2/20/2015,8/17/2015,12/23/2015,0,0,1,9/24/2005,0.046234016,ut_yn
ut,yr,uy,yr,ENK,NA,2/20/2015,8/17/2015,12/23/2015,1,0,0.617724294,5/17/2007,0.046234016,ut_yr
ut,yy,uy,yr,ENK,NA,2/20/2015,8/17/2015,12/23/2015,0,0,0.025244834,1/22/2009,0.13489784,ut_yy
jj,uv,cf,tp,ENK,11/4/2014,9/16/2013,3/13/2014,8/18/2014,0,0,0.045363623,11/20/2006,0.913506251,uv_jj
uv,s1,cf,tp,ENK,11/4/2014,9/16/2013,3/13/2014,8/18/2014,0,0,0.135151556,NA,1.139811887,uv_s1
uv,tp,cf,tp,ENK,11/4/2014,9/16/2013,3/13/2014,8/18/2014,1,0,0.6669674,1/1/2004,5.140362569,uv_tp
uv,jj,cj,yr,ENK,NA,11/4/2014,5/1/2015,8/1/2015,0,0,0.61291026,11/20/2006,1.505113733,uv_jj
uv,s1,cj,yr,ENK,NA,11/4/2014,5/1/2015,8/1/2015,0,0,0.262263519,NA,0.089262802,uv_s1
uv,tp,cj,yr,ENK,NA,11/4/2014,5/1/2015,8/1/2015,0,0,0.541764968,1/1/2004,9.021489115,uv_tp
uv,yn,cj,yr,ENK,NA,11/4/2014,5/1/2015,8/1/2015,0,0,1,9/24/2005,0,uv_yn
uv,yr,cj,yr,ENK,NA,11/4/2014,5/1/2015,8/1/2015,1,0,0.684205536,5/17/2007,0.316789058,uv_yr
uv,yy,cj,yr,ENK,NA,11/4/2014,5/1/2015,8/1/2015,0,0,0,1/22/2009,2.304908269,uv_yy
jj,ux,yo,yn,ENK,NA,4/3/2015,9/28/2015,6/2/2016,0,0,0.215060124,11/20/2006,0.018454746,ux_jj
ux,s1,yo,yn,ENK,NA,4/3/2015,9/28/2015,6/2/2016,0,0,0.008749272,NA,0.983508266,ux_s1
ux,tp,yo,yn,ENK,NA,4/3/2015,9/28/2015,6/2/2016,0,0,0.319954229,1/1/2004,1.092261513,ux_tp
ux,yr,yo,yn,ENK,NA,4/3/2015,9/28/2015,6/2/2016,0,0,0.595941013,5/17/2007,0.02759124,ux_yr
ux,yy,yo,yn,ENK,NA,4/3/2015,9/28/2015,6/2/2016,0,0,0.101226594,1/22/2009,0.086437415,ux_yy
bt,yp,yq,oz,PHG,NA,8/23/2015,2/17/2016,9/30/2016,0,0,0.838561085,NA,0.164102577,yp_bt
yp,jy,yq,oz,PHG,NA,8/23/2015,2/17/2016,9/30/2016,0,0,0.847949008,5/4/2006,0.43976781,yp_jy
yp,oz,yq,oz,PHG,NA,8/23/2015,2/17/2016,9/30/2016,1,0,0.817922379,9/18/2006,1.214684806,yp_oz
yp,ph,yq,oz,PHG,NA,8/23/2015,2/17/2016,9/30/2016,0,0,0.827156736,9/6/2007,0,yp_ph
yp,pz,yq,oz,PHG,NA,8/23/2015,2/17/2016,9/30/2016,0,0,0.824580587,5/4/2000,0.115436908,yp_pz
ub,yp,yq,oz,PHG,NA,8/23/2015,2/17/2016,9/30/2016,0,0,0.006499288,7/9/2010,1.713863197,yp_ub
yp,um,yq,oz,PHG,NA,8/23/2015,2/17/2016,9/30/2016,0,0,0.06154336,5/19/2010,0.654310521,yp_um
yp,xh,yq,oz,PHG,NA,8/23/2015,2/17/2016,9/30/2016,0,0,0.072186434,6/11/2010,0.194663345,yp_xh
